{"cameraMode":{"drawMode":0,"name":"Shaded","section":"Shading Mode"},"sceneLighting":true,"audioPlay":false,"sceneViewState":{"m_AlwaysRefresh":false,"showFog":true,"showSkybox":true,"showFlares":true,"showImageEffects":true,"showParticleSystems":true,"showVisualEffectGraphs":true,"m_FxEnabled":true},"in2DMode":false,"pivot":{"x":552.1145629882813,"y":236.06997680664063,"z":1.653734564781189},"rotation":{"x":0.12648309767246247,"y":0.03421521931886673,"z":-0.004367117304354906,"w":0.9913750290870667},"size":415.49102783203127,"orthographic":false}